sample_id	id_study	Country	Region	Source	Macroalgal_group
SRR10153291	study_10	China	V3-V4	Caulerpa lentillifera	Chlorophyta
SRR10153292	study_10	China	V3-V4	Caulerpa lentillifera	Chlorophyta
SRR10153293	study_10	China	V3-V4	Caulerpa lentillifera	Chlorophyta
SRR10153294	study_10	China	V3-V4	Caulerpa lentillifera	Chlorophyta
SRR10153302	study_10	China	V3-V4	Caulerpa lentillifera	Chlorophyta
SRR10153314	study_10	China	V3-V4	Caulerpa lentillifera	Chlorophyta
SRR10153316	study_10	China	V3-V4	Caulerpa lentillifera	Chlorophyta
SRR10153312	study_10	China	V3-V4	Caulerpa lentillifera	Chlorophyta
SRR10153313	study_10	China	V3-V4	Caulerpa lentillifera	Chlorophyta
SRR10153315	study_10	China	V3-V4	Caulerpa lentillifera	Chlorophyta
SRR10153317	study_10	China	V3-V4	Caulerpa lentillifera	Chlorophyta
SRR10153318	study_10	China	V3-V4	Caulerpa lentillifera	Chlorophyta
SRR10153319	study_10	China	V3-V4	Caulerpa lentillifera	Chlorophyta
SRR10153320	study_10	China	V3-V4	Caulerpa lentillifera	Chlorophyta
SRR10153321	study_10	China	V3-V4	Caulerpa lentillifera	Chlorophyta
SRR10153324	study_10	China	V3-V4	Caulerpa lentillifera	Chlorophyta
SRR10153325	study_10	China	V3-V4	Caulerpa lentillifera	Chlorophyta
SRR10153295	study_10	China	V3-V4	Caulerpa lentillifera	Chlorophyta
SRR16090725	study_12	China	V3-V4	Ulva fasciata	Chlorophyta
SRR16090726	study_12	China	V3-V4	Ulva fasciata	Chlorophyta
SRR16090727	study_12	China	V3-V4	Ulva fasciata	Chlorophyta
SRR16090728	study_12	China	V3-V4	Ulva fasciata	Chlorophyta
SRR16090729	study_12	China	V3-V4	Ulva fasciata	Chlorophyta
SRR16090731	study_12	China	V3-V4	Ulva fasciata	Chlorophyta
SRR16090732	study_12	China	V3-V4	Ulva fasciata	Chlorophyta
SRR16090733	study_12	China	V3-V4	Ulva fasciata	Chlorophyta
SRR16090734	study_12	China	V3-V4	Ulva fasciata	Chlorophyta
SRR16090735	study_12	China	V3-V4	Ulva fasciata	Chlorophyta
SRR16090736	study_12	China	V3-V4	Ulva fasciata	Chlorophyta
SRR16090737	study_12	China	V3-V4	Ulva fasciata	Chlorophyta
SRR16090738	study_12	China	V3-V4	Ulva fasciata	Chlorophyta
SRR16090739	study_12	China	V3-V4	Ulva fasciata	Chlorophyta
SRR16090740	study_12	China	V3-V4	Ulva fasciata	Chlorophyta
SRR16090742	study_12	China	V3-V4	Ulva fasciata	Chlorophyta
SRR16090743	study_12	China	V3-V4	Ulva fasciata	Chlorophyta
SRR16090744	study_12	China	V3-V4	Ulva fasciata	Chlorophyta
SRR16090765	study_12	China	V3-V4	Ulva fasciata	Chlorophyta
SRR16090766	study_12	China	V3-V4	Ulva fasciata	Chlorophyta
SRR16090767	study_12	China	V3-V4	Ulva fasciata	Chlorophyta
SRR16090768	study_12	China	V3-V4	Ulva fasciata	Chlorophyta
SRR16090770	study_12	China	V3-V4	Ulva fasciata	Chlorophyta
SRR16090771	study_12	China	V3-V4	Ulva fasciata	Chlorophyta
SRR16090772	study_12	China	V3-V4	Ulva fasciata	Chlorophyta
SRR16090773	study_12	China	V3-V4	Ulva fasciata	Chlorophyta
SRR16090774	study_12	China	V3-V4	Ulva fasciata	Chlorophyta
SRR11306111	study_15	USA	V4	Macrocystis pyrifera	Phaeophyta
SRR11306112	study_15	USA	V4	Macrocystis pyrifera	Phaeophyta
SRR11306113	study_15	USA	V4	Macrocystis pyrifera	Phaeophyta
SRR11306114	study_15	USA	V4	Macrocystis pyrifera	Phaeophyta
SRR11306115	study_15	USA	V4	Macrocystis pyrifera	Phaeophyta
SRR11306116	study_15	USA	V4	Macrocystis pyrifera	Phaeophyta
SRR11306117	study_15	USA	V4	Macrocystis pyrifera	Phaeophyta
SRR11306118	study_15	USA	V4	Macrocystis pyrifera	Phaeophyta
SRR11306119	study_15	USA	V4	Macrocystis pyrifera	Phaeophyta
SRR11306120	study_15	USA	V4	Macrocystis pyrifera	Phaeophyta
SRR11306122	study_15	USA	V4	Macrocystis pyrifera	Phaeophyta
SRR11306123	study_15	USA	V4	Macrocystis pyrifera	Phaeophyta
SRR11306124	study_15	USA	V4	Macrocystis pyrifera	Phaeophyta
SRR11306125	study_15	USA	V4	Macrocystis pyrifera	Phaeophyta
SRR11306126	study_15	USA	V4	Macrocystis pyrifera	Phaeophyta
SRR11306127	study_15	USA	V4	Macrocystis pyrifera	Phaeophyta
SRR11306128	study_15	USA	V4	Macrocystis pyrifera	Phaeophyta
SRR11306129	study_15	USA	V4	Macrocystis pyrifera	Phaeophyta
SRR11306130	study_15	USA	V4	Macrocystis pyrifera	Phaeophyta
SRR11306131	study_15	USA	V4	Macrocystis pyrifera	Phaeophyta
SRR11306133	study_15	USA	V4	Macrocystis pyrifera	Phaeophyta
SRR11306134	study_15	USA	V4	Macrocystis pyrifera	Phaeophyta
SRR11306135	study_15	USA	V4	Macrocystis pyrifera	Phaeophyta
SRR11306136	study_15	USA	V4	Macrocystis pyrifera	Phaeophyta
SRR11306137	study_15	USA	V4	Macrocystis pyrifera	Phaeophyta
SRR11306138	study_15	USA	V4	Macrocystis pyrifera	Phaeophyta
SRR11306139	study_15	USA	V4	Macrocystis pyrifera	Phaeophyta
SRR11306140	study_15	USA	V4	Macrocystis pyrifera	Phaeophyta
SRR11306141	study_15	USA	V4	Macrocystis pyrifera	Phaeophyta
SRR11306150	study_15	USA	V4	Macrocystis pyrifera	Phaeophyta
SRR11306151	study_15	USA	V4	Macrocystis pyrifera	Phaeophyta
SRR11306152	study_15	USA	V4	Macrocystis pyrifera	Phaeophyta
SRR11306153	study_15	USA	V4	Macrocystis pyrifera	Phaeophyta
SRR11306154	study_15	USA	V4	Macrocystis pyrifera	Phaeophyta
SRR11306155	study_15	USA	V4	Macrocystis pyrifera	Phaeophyta
SRR11306157	study_15	USA	V4	Macrocystis pyrifera	Phaeophyta
SRR11306158	study_15	USA	V4	Macrocystis pyrifera	Phaeophyta
SRR11306159	study_15	USA	V4	Macrocystis pyrifera	Phaeophyta
SRR11306160	study_15	USA	V4	Macrocystis pyrifera	Phaeophyta
SRR11306161	study_15	USA	V4	Macrocystis pyrifera	Phaeophyta
SRR11306162	study_15	USA	V4	Macrocystis pyrifera	Phaeophyta
SRR11306163	study_15	USA	V4	Macrocystis pyrifera	Phaeophyta
SRR11306168	study_15	USA	V4	Macrocystis pyrifera	Phaeophyta
SRR11306169	study_15	USA	V4	Macrocystis pyrifera	Phaeophyta
SRR11306170	study_15	USA	V4	Macrocystis pyrifera	Phaeophyta
SRR11306172	study_15	USA	V4	Macrocystis pyrifera	Phaeophyta
SRR11306173	study_15	USA	V4	Macrocystis pyrifera	Phaeophyta
SRR11306174	study_15	USA	V4	Macrocystis pyrifera	Phaeophyta
SRR11306175	study_15	USA	V4	Macrocystis pyrifera	Phaeophyta
SRR11306176	study_15	USA	V4	Macrocystis pyrifera	Phaeophyta
SRR11306177	study_15	USA	V4	Macrocystis pyrifera	Phaeophyta
SRR11306178	study_15	USA	V4	Macrocystis pyrifera	Phaeophyta
SRR11306179	study_15	USA	V4	Macrocystis pyrifera	Phaeophyta
SRR11306180	study_15	USA	V4	Macrocystis pyrifera	Phaeophyta
SRR11306181	study_15	USA	V4	Macrocystis pyrifera	Phaeophyta
SRR11306183	study_15	USA	V4	Macrocystis pyrifera	Phaeophyta
SRR11306184	study_15	USA	V4	Macrocystis pyrifera	Phaeophyta
SRR11306185	study_15	USA	V4	Macrocystis pyrifera	Phaeophyta
SRR11306186	study_15	USA	V4	Macrocystis pyrifera	Phaeophyta
SRR11306187	study_15	USA	V4	Macrocystis pyrifera	Phaeophyta
SRR11306201	study_15	USA	V4	Macrocystis pyrifera	Phaeophyta
SRR11306202	study_15	USA	V4	Macrocystis pyrifera	Phaeophyta
ERR2811133	study_16	Chile	V1-V3	Macrocystis pyrifera	Phaeophyta
ERR2811134	study_16	Chile	V1-V3	Macrocystis pyrifera	Phaeophyta
ERR2811135	study_16	Chile	V1-V3	Macrocystis pyrifera	Phaeophyta
ERR2811136	study_16	Chile	V1-V3	Macrocystis pyrifera	Phaeophyta
ERR2811137	study_16	Chile	V1-V3	Macrocystis pyrifera	Phaeophyta
ERR2811138	study_16	Chile	V1-V3	Macrocystis pyrifera	Phaeophyta
ERR2811139	study_16	Chile	V1-V3	Macrocystis pyrifera	Phaeophyta
ERR2811140	study_16	Chile	V1-V3	Macrocystis pyrifera	Phaeophyta
ERR2029188	study_17	Canada	V4	Macrocystis pyrifera	Phaeophyta
ERR2029189	study_17	Canada	V4	Macrocystis pyrifera	Phaeophyta
ERR2029190	study_17	Canada	V4	Macrocystis pyrifera	Phaeophyta
ERR2029191	study_17	Canada	V4	Macrocystis pyrifera	Phaeophyta
ERR2029192	study_17	Canada	V4	Macrocystis pyrifera	Phaeophyta
ERR2029193	study_17	Canada	V4	Macrocystis pyrifera	Phaeophyta
ERR2029194	study_17	Canada	V4	Macrocystis pyrifera	Phaeophyta
ERR2029195	study_17	Canada	V4	Macrocystis pyrifera	Phaeophyta
ERR2029196	study_17	Canada	V4	Macrocystis pyrifera	Phaeophyta
ERR2029197	study_17	Canada	V4	Macrocystis pyrifera	Phaeophyta
ERR2029198	study_17	Canada	V4	Macrocystis pyrifera	Phaeophyta
ERR2029199	study_17	Canada	V4	Macrocystis pyrifera	Phaeophyta
ERR2029200	study_17	Canada	V4	Macrocystis pyrifera	Phaeophyta
ERR2029201	study_17	Canada	V4	Macrocystis pyrifera	Phaeophyta
ERR2029202	study_17	Canada	V4	Macrocystis pyrifera	Phaeophyta
ERR2029203	study_17	Canada	V4	Macrocystis pyrifera	Phaeophyta
ERR2029204	study_17	Canada	V4	Macrocystis pyrifera	Phaeophyta
ERR2029205	study_17	Canada	V4	Macrocystis pyrifera	Phaeophyta
ERR2029206	study_17	Canada	V4	Macrocystis pyrifera	Phaeophyta
ERR2029207	study_17	Canada	V4	Macrocystis pyrifera	Phaeophyta
ERR2029208	study_17	Canada	V4	Macrocystis pyrifera	Phaeophyta
ERR2029209	study_17	Canada	V4	Macrocystis pyrifera	Phaeophyta
ERR2029210	study_17	Canada	V4	Macrocystis pyrifera	Phaeophyta
ERR2029211	study_17	Canada	V4	Macrocystis pyrifera	Phaeophyta
ERR2029212	study_17	Canada	V4	Macrocystis pyrifera	Phaeophyta
ERR2029213	study_17	Canada	V4	Macrocystis pyrifera	Phaeophyta
ERR2029214	study_17	Canada	V4	Macrocystis pyrifera	Phaeophyta
ERR2029215	study_17	Canada	V4	Macrocystis pyrifera	Phaeophyta
ERR2029216	study_17	Canada	V4	Macrocystis pyrifera	Phaeophyta
ERR2029217	study_17	Canada	V4	Macrocystis pyrifera	Phaeophyta
ERR2029218	study_17	Canada	V4	Macrocystis pyrifera	Phaeophyta
ERR2029219	study_17	Canada	V4	Macrocystis pyrifera	Phaeophyta
ERR2029220	study_17	Canada	V4	Macrocystis pyrifera	Phaeophyta
ERR2029221	study_17	Canada	V4	Macrocystis pyrifera	Phaeophyta
ERR2029222	study_17	Canada	V4	Macrocystis pyrifera	Phaeophyta
ERR2029223	study_17	Canada	V4	Macrocystis pyrifera	Phaeophyta
ERR2029224	study_17	Canada	V4	Macrocystis pyrifera	Phaeophyta
ERR2029225	study_17	Canada	V4	Macrocystis pyrifera	Phaeophyta
ERR2029226	study_17	Canada	V4	Macrocystis pyrifera	Phaeophyta
ERR2029227	study_17	Canada	V4	Macrocystis pyrifera	Phaeophyta
ERR2029228	study_17	Canada	V4	Macrocystis pyrifera	Phaeophyta
ERR2029229	study_17	Canada	V4	Macrocystis pyrifera	Phaeophyta
ERR2029230	study_17	Canada	V4	Macrocystis pyrifera	Phaeophyta
ERR2029231	study_17	Canada	V4	Macrocystis pyrifera	Phaeophyta
ERR2029232	study_17	Canada	V4	Macrocystis pyrifera	Phaeophyta
ERR2029233	study_17	Canada	V4	Macrocystis pyrifera	Phaeophyta
ERR2029234	study_17	Canada	V4	Macrocystis pyrifera	Phaeophyta
ERR2029235	study_17	Canada	V4	Macrocystis pyrifera	Phaeophyta
ERR2029236	study_17	Canada	V4	Macrocystis pyrifera	Phaeophyta
ERR2029237	study_17	Canada	V4	Macrocystis pyrifera	Phaeophyta
ERR2029238	study_17	Canada	V4	Macrocystis pyrifera	Phaeophyta
ERR2029239	study_17	Canada	V4	Macrocystis pyrifera	Phaeophyta
ERR2029240	study_17	Canada	V4	Macrocystis pyrifera	Phaeophyta
ERR2029241	study_17	Canada	V4	Macrocystis pyrifera	Phaeophyta
ERR2029242	study_17	Canada	V4	Macrocystis pyrifera	Phaeophyta
ERR2029243	study_17	Canada	V4	Macrocystis pyrifera	Phaeophyta
ERR2029244	study_17	Canada	V4	Macrocystis pyrifera	Phaeophyta
ERR2029245	study_17	Canada	V4	Macrocystis pyrifera	Phaeophyta
ERR2029246	study_17	Canada	V4	Macrocystis pyrifera	Phaeophyta
ERR2029247	study_17	Canada	V4	Macrocystis pyrifera	Phaeophyta
ERR2029248	study_17	Canada	V4	Macrocystis pyrifera	Phaeophyta
ERR2029249	study_17	Canada	V4	Macrocystis pyrifera	Phaeophyta
ERR2029250	study_17	Canada	V4	Macrocystis pyrifera	Phaeophyta
ERR2029251	study_17	Canada	V4	Macrocystis pyrifera	Phaeophyta
ERR2029252	study_17	Canada	V4	Macrocystis pyrifera	Phaeophyta
ERR2029253	study_17	Canada	V4	Macrocystis pyrifera	Phaeophyta
ERR2029254	study_17	Canada	V4	Macrocystis pyrifera	Phaeophyta
ERR2029255	study_17	Canada	V4	Macrocystis pyrifera	Phaeophyta
ERR2029256	study_17	Canada	V4	Macrocystis pyrifera	Phaeophyta
ERR2029257	study_17	Canada	V4	Macrocystis pyrifera	Phaeophyta
ERR2029258	study_17	Canada	V4	Macrocystis pyrifera	Phaeophyta
ERR2029259	study_17	Canada	V4	Macrocystis pyrifera	Phaeophyta
ERR2029260	study_17	Canada	V4	Macrocystis pyrifera	Phaeophyta
ERR2029261	study_17	Canada	V4	Macrocystis pyrifera	Phaeophyta
ERR2029262	study_17	Canada	V4	Macrocystis pyrifera	Phaeophyta
ERR2029263	study_17	Canada	V4	Macrocystis pyrifera	Phaeophyta
ERR2029264	study_17	Canada	V4	Macrocystis pyrifera	Phaeophyta
ERR2029265	study_17	Canada	V4	Macrocystis pyrifera	Phaeophyta
ERR2029266	study_17	Canada	V4	Macrocystis pyrifera	Phaeophyta
ERR2854743	study_18	USA	V4	Macrocystis pyrifera	Phaeophyta
ERR2854787	study_18	USA	V4	Macrocystis pyrifera	Phaeophyta
ERR2854788	study_18	USA	V4	Macrocystis pyrifera	Phaeophyta
ERR2854876	study_18	USA	V4	Macrocystis pyrifera	Phaeophyta
ERR2854877	study_18	USA	V4	Macrocystis pyrifera	Phaeophyta
ERR2854676	study_18	USA	V4	Macrocystis pyrifera	Phaeophyta
ERR2854677	study_18	USA	V4	Macrocystis pyrifera	Phaeophyta
ERR2854739	study_18	USA	V4	Macrocystis pyrifera	Phaeophyta
ERR2854740	study_18	USA	V4	Macrocystis pyrifera	Phaeophyta
ERR2854741	study_18	USA	V4	Macrocystis pyrifera	Phaeophyta
ERR2854742	study_18	USA	V4	Macrocystis pyrifera	Phaeophyta
ERR2854750	study_18	USA	V4	Macrocystis pyrifera	Phaeophyta
ERR2854751	study_18	USA	V4	Macrocystis pyrifera	Phaeophyta
ERR2854756	study_18	USA	V4	Macrocystis pyrifera	Phaeophyta
ERR2854757	study_18	USA	V4	Macrocystis pyrifera	Phaeophyta
ERR2854758	study_18	USA	V4	Macrocystis pyrifera	Phaeophyta
ERR2854785	study_18	USA	V4	Macrocystis pyrifera	Phaeophyta
ERR2854688	study_18	USA	V4	Macrocystis pyrifera	Phaeophyta
ERR2854690	study_18	USA	V4	Macrocystis pyrifera	Phaeophyta
ERR2854686	study_18	USA	V4	Macrocystis pyrifera	Phaeophyta
ERR2854784	study_18	USA	V4	Macrocystis pyrifera	Phaeophyta
ERR2854689	study_18	USA	V4	Macrocystis pyrifera	Phaeophyta
ERR2854691	study_18	USA	V4	Macrocystis pyrifera	Phaeophyta
ERR2854679	study_18	USA	V4	Macrocystis pyrifera	Phaeophyta
ERR2854687	study_18	USA	V4	Macrocystis pyrifera	Phaeophyta
ERR2854786	study_18	USA	V4	Macrocystis pyrifera	Phaeophyta
ERR2854875	study_18	USA	V4	Macrocystis pyrifera	Phaeophyta
ERR2854692	study_18	USA	V4	Macrocystis pyrifera	Phaeophyta
ERR2854685	study_18	USA	V4	Macrocystis pyrifera	Phaeophyta
ERR2854684	study_18	USA	V4	Macrocystis pyrifera	Phaeophyta
ERR2854874	study_18	USA	V4	Macrocystis pyrifera	Phaeophyta
ERR2854698	study_18	USA	V4	Nereocystis luetkeana	Phaeophyta
ERR2854700	study_18	USA	V4	Nereocystis luetkeana	Phaeophyta
ERR2854701	study_18	USA	V4	Nereocystis luetkeana	Phaeophyta
ERR2854702	study_18	USA	V4	Nereocystis luetkeana	Phaeophyta
ERR2854703	study_18	USA	V4	Nereocystis luetkeana	Phaeophyta
ERR2854704	study_18	USA	V4	Nereocystis luetkeana	Phaeophyta
ERR2854706	study_18	USA	V4	Nereocystis luetkeana	Phaeophyta
ERR2854707	study_18	USA	V4	Nereocystis luetkeana	Phaeophyta
ERR2854708	study_18	USA	V4	Nereocystis luetkeana	Phaeophyta
ERR2854709	study_18	USA	V4	Nereocystis luetkeana	Phaeophyta
ERR2854710	study_18	USA	V4	Nereocystis luetkeana	Phaeophyta
ERR2854711	study_18	USA	V4	Nereocystis luetkeana	Phaeophyta
ERR2854712	study_18	USA	V4	Nereocystis luetkeana	Phaeophyta
ERR2854713	study_18	USA	V4	Nereocystis luetkeana	Phaeophyta
ERR2854714	study_18	USA	V4	Nereocystis luetkeana	Phaeophyta
ERR2854715	study_18	USA	V4	Nereocystis luetkeana	Phaeophyta
ERR2854789	study_18	USA	V4	Nereocystis luetkeana	Phaeophyta
ERR2854790	study_18	USA	V4	Nereocystis luetkeana	Phaeophyta
ERR2854791	study_18	USA	V4	Nereocystis luetkeana	Phaeophyta
ERR2854792	study_18	USA	V4	Nereocystis luetkeana	Phaeophyta
ERR2854793	study_18	USA	V4	Nereocystis luetkeana	Phaeophyta
ERR2854794	study_18	USA	V4	Nereocystis luetkeana	Phaeophyta
ERR2854796	study_18	USA	V4	Nereocystis luetkeana	Phaeophyta
ERR2854797	study_18	USA	V4	Nereocystis luetkeana	Phaeophyta
ERR2854798	study_18	USA	V4	Nereocystis luetkeana	Phaeophyta
ERR2854799	study_18	USA	V4	Nereocystis luetkeana	Phaeophyta
ERR2854800	study_18	USA	V4	Nereocystis luetkeana	Phaeophyta
ERR2854801	study_18	USA	V4	Nereocystis luetkeana	Phaeophyta
ERR2854802	study_18	USA	V4	Nereocystis luetkeana	Phaeophyta
ERR2854803	study_18	USA	V4	Nereocystis luetkeana	Phaeophyta
ERR2854804	study_18	USA	V4	Nereocystis luetkeana	Phaeophyta
ERR2854806	study_18	USA	V4	Nereocystis luetkeana	Phaeophyta
ERR2854829	study_18	USA	V4	Nereocystis luetkeana	Phaeophyta
ERR2854878	study_18	USA	V4	Nereocystis luetkeana	Phaeophyta
ERR2854879	study_18	USA	V4	Nereocystis luetkeana	Phaeophyta
ERR2854881	study_18	USA	V4	Nereocystis luetkeana	Phaeophyta
ERR2854882	study_18	USA	V4	Nereocystis luetkeana	Phaeophyta
ERR2854883	study_18	USA	V4	Nereocystis luetkeana	Phaeophyta
ERR2854884	study_18	USA	V4	Nereocystis luetkeana	Phaeophyta
ERR2854885	study_18	USA	V4	Nereocystis luetkeana	Phaeophyta
ERR2854795	study_18	USA	V4	Nereocystis luetkeana	Phaeophyta
ERR2854674	study_18	USA	V4	Nereocystis luetkeana	Phaeophyta
ERR2854675	study_18	USA	V4	Nereocystis luetkeana	Phaeophyta
ERR2854678	study_18	USA	V4	Nereocystis luetkeana	Phaeophyta
ERR2854705	study_18	USA	V4	Nereocystis luetkeana	Phaeophyta
ERR2854734	study_18	USA	V4	Nereocystis luetkeana	Phaeophyta
ERR2854735	study_18	USA	V4	Nereocystis luetkeana	Phaeophyta
ERR2854736	study_18	USA	V4	Nereocystis luetkeana	Phaeophyta
ERR2854737	study_18	USA	V4	Nereocystis luetkeana	Phaeophyta
ERR2854738	study_18	USA	V4	Nereocystis luetkeana	Phaeophyta
ERR2854744	study_18	USA	V4	Nereocystis luetkeana	Phaeophyta
ERR2854745	study_18	USA	V4	Nereocystis luetkeana	Phaeophyta
ERR2854746	study_18	USA	V4	Nereocystis luetkeana	Phaeophyta
ERR2854747	study_18	USA	V4	Nereocystis luetkeana	Phaeophyta
ERR2854748	study_18	USA	V4	Nereocystis luetkeana	Phaeophyta
ERR2854749	study_18	USA	V4	Nereocystis luetkeana	Phaeophyta
ERR2854752	study_18	USA	V4	Nereocystis luetkeana	Phaeophyta
ERR2854753	study_18	USA	V4	Nereocystis luetkeana	Phaeophyta
ERR2854754	study_18	USA	V4	Nereocystis luetkeana	Phaeophyta
ERR2854755	study_18	USA	V4	Nereocystis luetkeana	Phaeophyta
ERR2854759	study_18	USA	V4	Nereocystis luetkeana	Phaeophyta
ERR2854760	study_18	USA	V4	Nereocystis luetkeana	Phaeophyta
ERR2854761	study_18	USA	V4	Nereocystis luetkeana	Phaeophyta
ERR2854762	study_18	USA	V4	Nereocystis luetkeana	Phaeophyta
ERR2854763	study_18	USA	V4	Nereocystis luetkeana	Phaeophyta
ERR2854764	study_18	USA	V4	Nereocystis luetkeana	Phaeophyta
ERR2854765	study_18	USA	V4	Nereocystis luetkeana	Phaeophyta
ERR2854766	study_18	USA	V4	Nereocystis luetkeana	Phaeophyta
ERR2854767	study_18	USA	V4	Nereocystis luetkeana	Phaeophyta
ERR2854805	study_18	USA	V4	Nereocystis luetkeana	Phaeophyta
ERR2854828	study_18	USA	V4	Nereocystis luetkeana	Phaeophyta
ERR2854830	study_18	USA	V4	Nereocystis luetkeana	Phaeophyta
ERR2854831	study_18	USA	V4	Nereocystis luetkeana	Phaeophyta
ERR2854832	study_18	USA	V4	Nereocystis luetkeana	Phaeophyta
ERR2854833	study_18	USA	V4	Nereocystis luetkeana	Phaeophyta
ERR2854834	study_18	USA	V4	Nereocystis luetkeana	Phaeophyta
ERR2854835	study_18	USA	V4	Nereocystis luetkeana	Phaeophyta
ERR2854837	study_18	USA	V4	Nereocystis luetkeana	Phaeophyta
ERR2854838	study_18	USA	V4	Nereocystis luetkeana	Phaeophyta
ERR2854840	study_18	USA	V4	Nereocystis luetkeana	Phaeophyta
ERR2854841	study_18	USA	V4	Nereocystis luetkeana	Phaeophyta
ERR2854843	study_18	USA	V4	Nereocystis luetkeana	Phaeophyta
ERR2854844	study_18	USA	V4	Nereocystis luetkeana	Phaeophyta
ERR2854845	study_18	USA	V4	Nereocystis luetkeana	Phaeophyta
ERR2854846	study_18	USA	V4	Nereocystis luetkeana	Phaeophyta
ERR2854847	study_18	USA	V4	Nereocystis luetkeana	Phaeophyta
ERR2854848	study_18	USA	V4	Nereocystis luetkeana	Phaeophyta
ERR2854849	study_18	USA	V4	Nereocystis luetkeana	Phaeophyta
ERR2854850	study_18	USA	V4	Nereocystis luetkeana	Phaeophyta
ERR2854851	study_18	USA	V4	Nereocystis luetkeana	Phaeophyta
ERR2854852	study_18	USA	V4	Nereocystis luetkeana	Phaeophyta
ERR2854853	study_18	USA	V4	Nereocystis luetkeana	Phaeophyta
ERR2854854	study_18	USA	V4	Nereocystis luetkeana	Phaeophyta
ERR2854855	study_18	USA	V4	Nereocystis luetkeana	Phaeophyta
ERR2854856	study_18	USA	V4	Nereocystis luetkeana	Phaeophyta
ERR2854857	study_18	USA	V4	Nereocystis luetkeana	Phaeophyta
ERR2854858	study_18	USA	V4	Nereocystis luetkeana	Phaeophyta
ERR2854860	study_18	USA	V4	Nereocystis luetkeana	Phaeophyta
ERR2854770	study_18	USA	V4	Nereocystis luetkeana	Phaeophyta
ERR2854773	study_18	USA	V4	Nereocystis luetkeana	Phaeophyta
ERR2854776	study_18	USA	V4	Nereocystis luetkeana	Phaeophyta
ERR2854808	study_18	USA	V4	Nereocystis luetkeana	Phaeophyta
ERR2854811	study_18	USA	V4	Nereocystis luetkeana	Phaeophyta
ERR2854779	study_18	USA	V4	Nereocystis luetkeana	Phaeophyta
ERR2854721	study_18	USA	V4	Nereocystis luetkeana	Phaeophyta
ERR2854723	study_18	USA	V4	Nereocystis luetkeana	Phaeophyta
ERR2854812	study_18	USA	V4	Nereocystis luetkeana	Phaeophyta
ERR2854868	study_18	USA	V4	Nereocystis luetkeana	Phaeophyta
ERR2854680	study_18	USA	V4	Nereocystis luetkeana	Phaeophyta
ERR2854775	study_18	USA	V4	Nereocystis luetkeana	Phaeophyta
ERR2854777	study_18	USA	V4	Nereocystis luetkeana	Phaeophyta
ERR2854780	study_18	USA	V4	Nereocystis luetkeana	Phaeophyta
ERR2854681	study_18	USA	V4	Nereocystis luetkeana	Phaeophyta
ERR2854774	study_18	USA	V4	Nereocystis luetkeana	Phaeophyta
ERR2854781	study_18	USA	V4	Nereocystis luetkeana	Phaeophyta
ERR2854870	study_18	USA	V4	Nereocystis luetkeana	Phaeophyta
ERR2854732	study_18	USA	V4	Nereocystis luetkeana	Phaeophyta
ERR2854693	study_18	USA	V4	Nereocystis luetkeana	Phaeophyta
ERR2854863	study_18	USA	V4	Nereocystis luetkeana	Phaeophyta
ERR2854696	study_18	USA	V4	Nereocystis luetkeana	Phaeophyta
ERR2854769	study_18	USA	V4	Nereocystis luetkeana	Phaeophyta
ERR2854683	study_18	USA	V4	Nereocystis luetkeana	Phaeophyta
ERR2854772	study_18	USA	V4	Nereocystis luetkeana	Phaeophyta
ERR2854807	study_18	USA	V4	Nereocystis luetkeana	Phaeophyta
ERR2854813	study_18	USA	V4	Nereocystis luetkeana	Phaeophyta
ERR2854809	study_18	USA	V4	Nereocystis luetkeana	Phaeophyta
ERR2854867	study_18	USA	V4	Nereocystis luetkeana	Phaeophyta
ERR2854869	study_18	USA	V4	Nereocystis luetkeana	Phaeophyta
ERR2854782	study_18	USA	V4	Nereocystis luetkeana	Phaeophyta
ERR2854694	study_18	USA	V4	Nereocystis luetkeana	Phaeophyta
ERR2854720	study_18	USA	V4	Nereocystis luetkeana	Phaeophyta
ERR2854861	study_18	USA	V4	Nereocystis luetkeana	Phaeophyta
ERR2854873	study_18	USA	V4	Nereocystis luetkeana	Phaeophyta
ERR2854718	study_18	USA	V4	Nereocystis luetkeana	Phaeophyta
ERR2854783	study_18	USA	V4	Nereocystis luetkeana	Phaeophyta
ERR2854823	study_18	USA	V4	Nereocystis luetkeana	Phaeophyta
ERR2854729	study_18	USA	V4	Nereocystis luetkeana	Phaeophyta
ERR2854771	study_18	USA	V4	Nereocystis luetkeana	Phaeophyta
ERR2854865	study_18	USA	V4	Nereocystis luetkeana	Phaeophyta
ERR2854716	study_18	USA	V4	Nereocystis luetkeana	Phaeophyta
ERR2854727	study_18	USA	V4	Nereocystis luetkeana	Phaeophyta
ERR2854730	study_18	USA	V4	Nereocystis luetkeana	Phaeophyta
ERR2854682	study_18	USA	V4	Nereocystis luetkeana	Phaeophyta
ERR2854697	study_18	USA	V4	Nereocystis luetkeana	Phaeophyta
ERR2854768	study_18	USA	V4	Nereocystis luetkeana	Phaeophyta
ERR2854719	study_18	USA	V4	Nereocystis luetkeana	Phaeophyta
ERR2854733	study_18	USA	V4	Nereocystis luetkeana	Phaeophyta
ERR2854880	study_18	USA	V4	Nereocystis luetkeana	Phaeophyta
ERR2854778	study_18	USA	V4	Nereocystis luetkeana	Phaeophyta
ERR2854822	study_18	USA	V4	Nereocystis luetkeana	Phaeophyta
ERR2854722	study_18	USA	V4	Nereocystis luetkeana	Phaeophyta
ERR2854726	study_18	USA	V4	Nereocystis luetkeana	Phaeophyta
ERR2854810	study_18	USA	V4	Nereocystis luetkeana	Phaeophyta
ERR2854866	study_18	USA	V4	Nereocystis luetkeana	Phaeophyta
ERR2854699	study_18	USA	V4	Nereocystis luetkeana	Phaeophyta
ERR2854871	study_18	USA	V4	Nereocystis luetkeana	Phaeophyta
ERR2854717	study_18	USA	V4	Nereocystis luetkeana	Phaeophyta
ERR2854872	study_18	USA	V4	Nereocystis luetkeana	Phaeophyta
ERR2854695	study_18	USA	V4	Nereocystis luetkeana	Phaeophyta
ERR2854724	study_18	USA	V4	Nereocystis luetkeana	Phaeophyta
ERR2854862	study_18	USA	V4	Nereocystis luetkeana	Phaeophyta
ERR2198778	study_19	Canada	V4	Mastocarpus laboratory	Rhodophyta
ERR2198779	study_19	Canada	V4	Mastocarpus laboratory	Rhodophyta
ERR2198780	study_19	Canada	V4	Mastocarpus laboratory	Rhodophyta
ERR2198782	study_19	Canada	V4	Mastocarpus laboratory	Rhodophyta
ERR2198781	study_19	Canada	V4	Mastocarpus laboratory	Rhodophyta
ERR2198772	study_19	Canada	V4	Mastocarpus natural	Rhodophyta
ERR2198773	study_19	Canada	V4	Mastocarpus natural	Rhodophyta
ERR2198774	study_19	Canada	V4	Mastocarpus natural	Rhodophyta
ERR2198775	study_19	Canada	V4	Mastocarpus natural	Rhodophyta
ERR2198776	study_19	Canada	V4	Mastocarpus natural	Rhodophyta
ERR2198762	study_19	Canada	V4	Nereocystis leutkeana laboratory	Phaeophyta
ERR2198764	study_19	Canada	V4	Nereocystis leutkeana laboratory	Phaeophyta
ERR2198739	study_19	Canada	V4	Nereocystis leutkeana laboratory	Phaeophyta
ERR2198740	study_19	Canada	V4	Nereocystis leutkeana laboratory	Phaeophyta
ERR2198741	study_19	Canada	V4	Nereocystis leutkeana laboratory	Phaeophyta
ERR2198742	study_19	Canada	V4	Nereocystis leutkeana laboratory	Phaeophyta
ERR2198743	study_19	Canada	V4	Nereocystis leutkeana laboratory	Phaeophyta
ERR2198768	study_19	Canada	V4	Nereocystis leutkeana laboratory	Phaeophyta
ERR2198770	study_19	Canada	V4	Nereocystis leutkeana laboratory	Phaeophyta
ERR2198771	study_19	Canada	V4	Nereocystis leutkeana laboratory	Phaeophyta
ERR2198777	study_19	Canada	V4	Nereocystis leutkeana laboratory	Phaeophyta
ERR2198794	study_19	Canada	V4	Nereocystis leutkeana laboratory	Phaeophyta
ERR2198795	study_19	Canada	V4	Nereocystis leutkeana laboratory	Phaeophyta
ERR2198765	study_19	Canada	V4	Nereocystis leutkeana laboratory	Phaeophyta
ERR2198727	study_19	Canada	V4	Nereocystis leutkeana laboratory	Phaeophyta
ERR2198728	study_19	Canada	V4	Nereocystis leutkeana laboratory	Phaeophyta
ERR2198766	study_19	Canada	V4	Nereocystis leutkeana laboratory	Phaeophyta
ERR2198763	study_19	Canada	V4	Nereocystis leutkeana laboratory	Phaeophyta
ERR2198769	study_19	Canada	V4	Nereocystis leutkeana laboratory	Phaeophyta
ERR2198729	study_19	Canada	V4	Nereocystis leutkeana laboratory	Phaeophyta
ERR2198767	study_19	Canada	V4	Nereocystis leutkeana laboratory	Phaeophyta
ERR2198726	study_19	Canada	V4	Nereocystis leutkeana laboratory	Phaeophyta
ERR2198757	study_19	Canada	V4	Nereocystis leutkeana laboratory natural	Phaeophyta
ERR2198758	study_19	Canada	V4	Nereocystis leutkeana laboratory natural	Phaeophyta
ERR2198759	study_19	Canada	V4	Nereocystis leutkeana laboratory natural	Phaeophyta
ERR2198761	study_19	Canada	V4	Nereocystis leutkeana laboratory natural	Phaeophyta
ERR2198784	study_19	Canada	V4	Nereocystis leutkeana laboratory natural	Phaeophyta
ERR2198760	study_19	Canada	V4	Nereocystis leutkeana laboratory natural	Phaeophyta
ERR2198787	study_19	Canada	V4	Nereocystis leutkeana laboratory natural	Phaeophyta
ERR2198796	study_19	Canada	V4	Nereocystis leutkeana laboratory natural	Phaeophyta
ERR2198797	study_19	Canada	V4	Nereocystis leutkeana laboratory natural	Phaeophyta
ERR2198798	study_19	Canada	V4	Nereocystis leutkeana laboratory natural	Phaeophyta
ERR2198799	study_19	Canada	V4	Nereocystis leutkeana laboratory natural	Phaeophyta
ERR2198800	study_19	Canada	V4	Nereocystis leutkeana laboratory natural	Phaeophyta
ERR2198801	study_19	Canada	V4	Nereocystis leutkeana laboratory natural	Phaeophyta
ERR2198786	study_19	Canada	V4	Nereocystis leutkeana laboratory natural	Phaeophyta
ERR2198785	study_19	Canada	V4	Nereocystis leutkeana laboratory natural	Phaeophyta
ERR2198802	study_19	Canada	V4	Nereocystis leutkeana laboratory natural	Phaeophyta
ERR2198805	study_19	Canada	V4	Nereocystis leutkeana laboratory natural	Phaeophyta
ERR2198783	study_19	Canada	V4	Nereocystis leutkeana laboratory natural	Phaeophyta
SRR16971116	study_2	China	V4	Sargassum thunbergii	Phaeophyta
SRR16971117	study_2	China	V4	Sargassum thunbergii	Phaeophyta
SRR16971118	study_2	China	V4	Sargassum thunbergii	Phaeophyta
SRR16971119	study_2	China	V4	Sargassum thunbergii	Phaeophyta
SRR16971120	study_2	China	V4	Sargassum thunbergii	Phaeophyta
SRR16971121	study_2	China	V4	Sargassum thunbergii	Phaeophyta
ERR1594464	study_21	Canada	V4	Saccharina groenlandica	Phaeophyta
ERR1594475	study_21	Canada	V4	Saccharina groenlandica	Phaeophyta
ERR1594476	study_21	Canada	V4	Saccharina groenlandica	Phaeophyta
ERR1594477	study_21	Canada	V4	Saccharina groenlandica	Phaeophyta
ERR1594478	study_21	Canada	V4	Saccharina groenlandica	Phaeophyta
ERR1594479	study_21	Canada	V4	Saccharina groenlandica	Phaeophyta
ERR1594481	study_21	Canada	V4	Saccharina groenlandica	Phaeophyta
ERR1594482	study_21	Canada	V4	Saccharina groenlandica	Phaeophyta
ERR1594483	study_21	Canada	V4	Saccharina groenlandica	Phaeophyta
ERR1594484	study_21	Canada	V4	Saccharina groenlandica	Phaeophyta
ERR1594465	study_21	Canada	V4	Saccharina groenlandica	Phaeophyta
ERR1594467	study_21	Canada	V4	Saccharina groenlandica	Phaeophyta
ERR1594468	study_21	Canada	V4	Saccharina groenlandica	Phaeophyta
ERR1594466	study_21	Canada	V4	Saccharina groenlandica	Phaeophyta
ERR1594480	study_21	Canada	V4	Saccharina groenlandica	Phaeophyta
ERR1594474	study_21	Canada	V4	Saccharina latissima	Phaeophyta
ERR1594485	study_21	Canada	V4	Saccharina latissima	Phaeophyta
ERR1594486	study_21	Canada	V4	Saccharina latissima	Phaeophyta
ERR1594489	study_21	Canada	V4	Saccharina latissima	Phaeophyta
ERR1594469	study_21	Canada	V4	Saccharina latissima	Phaeophyta
ERR1594470	study_21	Canada	V4	Saccharina latissima	Phaeophyta
ERR1594471	study_21	Canada	V4	Saccharina latissima	Phaeophyta
ERR1594472	study_21	Canada	V4	Saccharina latissima	Phaeophyta
ERR1594473	study_21	Canada	V4	Saccharina latissima	Phaeophyta
ERR1594487	study_21	Canada	V4	Saccharina latissima	Phaeophyta
ERR1594488	study_21	Canada	V4	Saccharina latissima	Phaeophyta
ERR1594399	study_21	Canada	V4	Cymathaere triplicata	Phaeophyta
ERR1594400	study_21	Canada	V4	Cymathaere triplicata	Phaeophyta
ERR1594403	study_21	Canada	V4	Cymathaere triplicata	Phaeophyta
ERR1594404	study_21	Canada	V4	Cymathaere triplicata	Phaeophyta
ERR1594405	study_21	Canada	V4	Cymathaere triplicata	Phaeophyta
ERR1594406	study_21	Canada	V4	Cymathaere triplicata	Phaeophyta
ERR1594407	study_21	Canada	V4	Cymathaere triplicata	Phaeophyta
ERR1594408	study_21	Canada	V4	Cymathaere triplicata	Phaeophyta
ERR1594401	study_21	Canada	V4	Cymathaere triplicata	Phaeophyta
ERR1594402	study_21	Canada	V4	Cymathaere triplicata	Phaeophyta
ERR1594443	study_21	Canada	V4	Pterygophora californica	Phaeophyta
ERR1594444	study_21	Canada	V4	Pterygophora californica	Phaeophyta
ERR1594445	study_21	Canada	V4	Pterygophora californica	Phaeophyta
ERR1594446	study_21	Canada	V4	Pterygophora californica	Phaeophyta
ERR1594447	study_21	Canada	V4	Pterygophora californica	Phaeophyta
ERR1594449	study_21	Canada	V4	Pterygophora californica	Phaeophyta
ERR1594450	study_21	Canada	V4	Pterygophora californica	Phaeophyta
ERR1594451	study_21	Canada	V4	Pterygophora californica	Phaeophyta
ERR1594452	study_21	Canada	V4	Pterygophora californica	Phaeophyta
ERR1594453	study_21	Canada	V4	Pterygophora californica	Phaeophyta
ERR1594454	study_21	Canada	V4	Pterygophora californica	Phaeophyta
ERR1594455	study_21	Canada	V4	Pterygophora californica	Phaeophyta
ERR1594456	study_21	Canada	V4	Pterygophora californica	Phaeophyta
ERR1594457	study_21	Canada	V4	Pterygophora californica	Phaeophyta
ERR1594458	study_21	Canada	V4	Pterygophora californica	Phaeophyta
ERR1594459	study_21	Canada	V4	Pterygophora californica	Phaeophyta
ERR1594460	study_21	Canada	V4	Pterygophora californica	Phaeophyta
ERR1594461	study_21	Canada	V4	Pterygophora californica	Phaeophyta
ERR1594462	study_21	Canada	V4	Pterygophora californica	Phaeophyta
ERR1594463	study_21	Canada	V4	Pterygophora californica	Phaeophyta
ERR1594448	study_21	Canada	V4	Pterygophora californica	Phaeophyta
ERR1594426	study_21	Canada	V4	Laminaria setchellii	Phaeophyta
ERR1594427	study_21	Canada	V4	Laminaria setchellii	Phaeophyta
ERR1594428	study_21	Canada	V4	Laminaria setchellii	Phaeophyta
ERR1594429	study_21	Canada	V4	Laminaria setchellii	Phaeophyta
ERR1594430	study_21	Canada	V4	Laminaria setchellii	Phaeophyta
ERR1594431	study_21	Canada	V4	Laminaria setchellii	Phaeophyta
ERR1594432	study_21	Canada	V4	Laminaria setchellii	Phaeophyta
ERR1594433	study_21	Canada	V4	Nereocystis luetkeana	Phaeophyta
ERR1594434	study_21	Canada	V4	Nereocystis luetkeana	Phaeophyta
ERR1594435	study_21	Canada	V4	Nereocystis luetkeana	Phaeophyta
ERR1594436	study_21	Canada	V4	Nereocystis luetkeana	Phaeophyta
ERR1594437	study_21	Canada	V4	Nereocystis luetkeana	Phaeophyta
ERR1594438	study_21	Canada	V4	Nereocystis luetkeana	Phaeophyta
ERR1594439	study_21	Canada	V4	Nereocystis luetkeana	Phaeophyta
ERR1594441	study_21	Canada	V4	Nereocystis luetkeana	Phaeophyta
ERR1594442	study_21	Canada	V4	Nereocystis luetkeana	Phaeophyta
ERR1594440	study_21	Canada	V4	Nereocystis luetkeana	Phaeophyta
ERR1594379	study_21	Canada	V4	Alaria marginata	Phaeophyta
ERR1594380	study_21	Canada	V4	Alaria marginata	Phaeophyta
ERR1594381	study_21	Canada	V4	Alaria marginata	Phaeophyta
ERR1594382	study_21	Canada	V4	Alaria marginata	Phaeophyta
ERR1594383	study_21	Canada	V4	Alaria marginata	Phaeophyta
ERR1594409	study_21	Canada	V4	Desmarestia ligulata	Phaeophyta
ERR1594410	study_21	Canada	V4	Desmarestia ligulata	Phaeophyta
ERR1594411	study_21	Canada	V4	Desmarestia ligulata	Phaeophyta
ERR1594412	study_21	Canada	V4	Desmarestia ligulata	Phaeophyta
ERR1594414	study_21	Canada	V4	Desmarestia ligulata	Phaeophyta
ERR1594415	study_21	Canada	V4	Desmarestia ligulata	Phaeophyta
ERR1594416	study_21	Canada	V4	Desmarestia ligulata	Phaeophyta
ERR1594417	study_21	Canada	V4	Desmarestia ligulata	Phaeophyta
ERR1594418	study_21	Canada	V4	Desmarestia ligulata	Phaeophyta
ERR1594420	study_21	Canada	V4	Desmarestia ligulata	Phaeophyta
ERR1594422	study_21	Canada	V4	Desmarestia ligulata	Phaeophyta
ERR1594424	study_21	Canada	V4	Desmarestia ligulata	Phaeophyta
ERR1594413	study_21	Canada	V4	Desmarestia ligulata	Phaeophyta
ERR1594419	study_21	Canada	V4	Desmarestia ligulata	Phaeophyta
ERR1594421	study_21	Canada	V4	Desmarestia ligulata	Phaeophyta
ERR1594423	study_21	Canada	V4	Desmarestia ligulata	Phaeophyta
ERR1594425	study_21	Canada	V4	Desmarestia ligulata	Phaeophyta
ERR1594385	study_21	Canada	V4	Costaria costata	Phaeophyta
ERR1594386	study_21	Canada	V4	Costaria costata	Phaeophyta
ERR1594387	study_21	Canada	V4	Costaria costata	Phaeophyta
ERR1594388	study_21	Canada	V4	Costaria costata	Phaeophyta
ERR1594389	study_21	Canada	V4	Costaria costata	Phaeophyta
ERR1594390	study_21	Canada	V4	Costaria costata	Phaeophyta
ERR1594391	study_21	Canada	V4	Costaria costata	Phaeophyta
ERR1594392	study_21	Canada	V4	Costaria costata	Phaeophyta
ERR1594393	study_21	Canada	V4	Costaria costata	Phaeophyta
ERR1594394	study_21	Canada	V4	Costaria costata	Phaeophyta
ERR1594395	study_21	Canada	V4	Costaria costata	Phaeophyta
ERR1594398	study_21	Canada	V4	Costaria costata	Phaeophyta
ERR1594384	study_21	Canada	V4	Costaria costata	Phaeophyta
ERR1594396	study_21	Canada	V4	Costaria costata	Phaeophyta
ERR1594397	study_21	Canada	V4	Costaria costata	Phaeophyta
SRR6367416	study_22	Australia	V4	Ecklonia radiata	Phaeophyta
SRR6367417	study_22	Australia	V4	Ecklonia radiata	Phaeophyta
SRR6367418	study_22	Australia	V4	Ecklonia radiata	Phaeophyta
SRR6367419	study_22	Australia	V4	Ecklonia radiata	Phaeophyta
SRR6367420	study_22	Australia	V4	Ecklonia radiata	Phaeophyta
SRR6367421	study_22	Australia	V4	Ecklonia radiata	Phaeophyta
SRR6367422	study_22	Australia	V4	Ecklonia radiata	Phaeophyta
SRR6367423	study_22	Australia	V4	Ecklonia radiata	Phaeophyta
SRR6367424	study_22	Australia	V4	Ecklonia radiata	Phaeophyta
SRR6367425	study_22	Australia	V4	Ecklonia radiata	Phaeophyta
SRR6367426	study_22	Australia	V4	Ecklonia radiata	Phaeophyta
SRR6367427	study_22	Australia	V4	Ecklonia radiata	Phaeophyta
SRR6367428	study_22	Australia	V4	Ecklonia radiata	Phaeophyta
SRR6367429	study_22	Australia	V4	Ecklonia radiata	Phaeophyta
SRR6367430	study_22	Australia	V4	Ecklonia radiata	Phaeophyta
SRR6367431	study_22	Australia	V4	Ecklonia radiata	Phaeophyta
SRR6367432	study_22	Australia	V4	Ecklonia radiata	Phaeophyta
SRR6367433	study_22	Australia	V4	Ecklonia radiata	Phaeophyta
SRR6367434	study_22	Australia	V4	Ecklonia radiata	Phaeophyta
SRR6367435	study_22	Australia	V4	Ecklonia radiata	Phaeophyta
SRR6367436	study_22	Australia	V4	Ecklonia radiata	Phaeophyta
SRR6367437	study_22	Australia	V4	Ecklonia radiata	Phaeophyta
SRR6367438	study_22	Australia	V4	Ecklonia radiata	Phaeophyta
SRR6367439	study_22	Australia	V4	Ecklonia radiata	Phaeophyta
SRR6367440	study_22	Australia	V4	Ecklonia radiata	Phaeophyta
SRR6367441	study_22	Australia	V4	Ecklonia radiata	Phaeophyta
SRR6367442	study_22	Australia	V4	Ecklonia radiata	Phaeophyta
SRR6367443	study_22	Australia	V4	Ecklonia radiata	Phaeophyta
SRR6367444	study_22	Australia	V4	Ecklonia radiata	Phaeophyta
SRR6367445	study_22	Australia	V4	Ecklonia radiata	Phaeophyta
SRR6367446	study_22	Australia	V4	Ecklonia radiata	Phaeophyta
SRR6367447	study_22	Australia	V4	Ecklonia radiata	Phaeophyta
SRR6367448	study_22	Australia	V4	Ecklonia radiata	Phaeophyta
SRR6367449	study_22	Australia	V4	Ecklonia radiata	Phaeophyta
SRR6367450	study_22	Australia	V4	Ecklonia radiata	Phaeophyta
SRR6367451	study_22	Australia	V4	Ecklonia radiata	Phaeophyta
SRR6367452	study_22	Australia	V4	Ecklonia radiata	Phaeophyta
SRR6367453	study_22	Australia	V4	Ecklonia radiata	Phaeophyta
SRR6367454	study_22	Australia	V4	Ecklonia radiata	Phaeophyta
SRR6367455	study_22	Australia	V4	Ecklonia radiata	Phaeophyta
SRR6367456	study_22	Australia	V4	Ecklonia radiata	Phaeophyta
SRR6367457	study_22	Australia	V4	Ecklonia radiata	Phaeophyta
SRR6367458	study_22	Australia	V4	Ecklonia radiata	Phaeophyta
SRR6367459	study_22	Australia	V4	Ecklonia radiata	Phaeophyta
SRR6367460	study_22	Australia	V4	Ecklonia radiata	Phaeophyta
SRR6367461	study_22	Australia	V4	Ecklonia radiata	Phaeophyta
SRR6367462	study_22	Australia	V4	Ecklonia radiata	Phaeophyta
SRR6367463	study_22	Australia	V4	Ecklonia radiata	Phaeophyta
SRR18795039	study_25	China	V3-V4	Sargassum thunbergii	Phaeophyta
SRR18795058	study_25	China	V3-V4	Sargassum thunbergii	Phaeophyta
SRR18795067	study_25	China	V3-V4	Sargassum thunbergii	Phaeophyta
SRR18795070	study_25	China	V3-V4	Sargassum thunbergii	Phaeophyta
SRR18795040	study_25	China	V3-V4	Sargassum thunbergii	Phaeophyta
SRR18795041	study_25	China	V3-V4	Sargassum thunbergii	Phaeophyta
SRR18795042	study_25	China	V3-V4	Sargassum thunbergii	Phaeophyta
SRR18795043	study_25	China	V3-V4	Sargassum thunbergii	Phaeophyta
SRR18795044	study_25	China	V3-V4	Sargassum thunbergii	Phaeophyta
SRR18795047	study_25	China	V3-V4	Sargassum thunbergii	Phaeophyta
SRR18795063	study_25	China	V3-V4	Sargassum thunbergii	Phaeophyta
SRR18795064	study_25	China	V3-V4	Sargassum thunbergii	Phaeophyta
SRR18795065	study_25	China	V3-V4	Sargassum thunbergii	Phaeophyta
SRR18795066	study_25	China	V3-V4	Sargassum thunbergii	Phaeophyta
SRR18795068	study_25	China	V3-V4	Sargassum thunbergii	Phaeophyta
SRR18795069	study_25	China	V3-V4	Sargassum thunbergii	Phaeophyta
ERR8442896	study_27	United Kingdom	V4	Laminaria hyperborea	Phaeophyta
ERR8442897	study_27	United Kingdom	V4	Laminaria hyperborea	Phaeophyta
ERR8442898	study_27	United Kingdom	V4	Laminaria hyperborea	Phaeophyta
ERR8442899	study_27	United Kingdom	V4	Laminaria hyperborea	Phaeophyta
ERR8442900	study_27	United Kingdom	V4	Laminaria hyperborea	Phaeophyta
ERR8442901	study_27	United Kingdom	V4	Laminaria hyperborea	Phaeophyta
ERR8442902	study_27	United Kingdom	V4	Laminaria hyperborea	Phaeophyta
ERR8442910	study_27	United Kingdom	V4	Laminaria hyperborea	Phaeophyta
ERR8442911	study_27	United Kingdom	V4	Laminaria hyperborea	Phaeophyta
ERR8442912	study_27	United Kingdom	V4	Laminaria hyperborea	Phaeophyta
ERR8442913	study_27	United Kingdom	V4	Laminaria hyperborea	Phaeophyta
ERR8442914	study_27	United Kingdom	V4	Laminaria hyperborea	Phaeophyta
ERR8442915	study_27	United Kingdom	V4	Laminaria hyperborea	Phaeophyta
ERR8442916	study_27	United Kingdom	V4	Laminaria hyperborea	Phaeophyta
ERR8442917	study_27	United Kingdom	V4	Laminaria hyperborea	Phaeophyta
ERR8442926	study_27	United Kingdom	V4	Laminaria hyperborea	Phaeophyta
ERR8442927	study_27	United Kingdom	V4	Laminaria hyperborea	Phaeophyta
ERR8442928	study_27	United Kingdom	V4	Laminaria hyperborea	Phaeophyta
ERR8442929	study_27	United Kingdom	V4	Laminaria hyperborea	Phaeophyta
ERR8442930	study_27	United Kingdom	V4	Laminaria hyperborea	Phaeophyta
ERR8442931	study_27	United Kingdom	V4	Laminaria hyperborea	Phaeophyta
ERR8442932	study_27	United Kingdom	V4	Laminaria hyperborea	Phaeophyta
ERR8442941	study_27	United Kingdom	V4	Laminaria hyperborea	Phaeophyta
ERR8442942	study_27	United Kingdom	V4	Laminaria hyperborea	Phaeophyta
ERR8442943	study_27	United Kingdom	V4	Laminaria hyperborea	Phaeophyta
ERR8442944	study_27	United Kingdom	V4	Laminaria hyperborea	Phaeophyta
ERR8442945	study_27	United Kingdom	V4	Laminaria hyperborea	Phaeophyta
ERR8442946	study_27	United Kingdom	V4	Laminaria hyperborea	Phaeophyta
ERR8442947	study_27	United Kingdom	V4	Laminaria hyperborea	Phaeophyta
ERR8442948	study_27	United Kingdom	V4	Laminaria hyperborea	Phaeophyta
ERR8442957	study_27	United Kingdom	V4	Laminaria hyperborea	Phaeophyta
ERR8442958	study_27	United Kingdom	V4	Laminaria hyperborea	Phaeophyta
ERR8442959	study_27	United Kingdom	V4	Laminaria hyperborea	Phaeophyta
ERR8442960	study_27	United Kingdom	V4	Laminaria hyperborea	Phaeophyta
ERR8442961	study_27	United Kingdom	V4	Laminaria hyperborea	Phaeophyta
ERR8442963	study_27	United Kingdom	V4	Laminaria hyperborea	Phaeophyta
ERR8442964	study_27	United Kingdom	V4	Laminaria hyperborea	Phaeophyta
ERR8442973	study_27	United Kingdom	V4	Laminaria hyperborea	Phaeophyta
ERR8442975	study_27	United Kingdom	V4	Laminaria hyperborea	Phaeophyta
ERR8442976	study_27	United Kingdom	V4	Laminaria hyperborea	Phaeophyta
ERR8442977	study_27	United Kingdom	V4	Laminaria hyperborea	Phaeophyta
ERR8442978	study_27	United Kingdom	V4	Laminaria hyperborea	Phaeophyta
ERR8442979	study_27	United Kingdom	V4	Laminaria hyperborea	Phaeophyta
ERR8442987	study_27	United Kingdom	V4	Laminaria hyperborea	Phaeophyta
ERR8442988	study_27	United Kingdom	V4	Laminaria hyperborea	Phaeophyta
ERR8442989	study_27	United Kingdom	V4	Laminaria hyperborea	Phaeophyta
ERR8442990	study_27	United Kingdom	V4	Laminaria hyperborea	Phaeophyta
ERR8442991	study_27	United Kingdom	V4	Laminaria hyperborea	Phaeophyta
ERR8442992	study_27	United Kingdom	V4	Laminaria hyperborea	Phaeophyta
ERR8442993	study_27	United Kingdom	V4	Laminaria hyperborea	Phaeophyta
ERR8442994	study_27	United Kingdom	V4	Laminaria hyperborea	Phaeophyta
ERR8443002	study_27	United Kingdom	V4	Laminaria hyperborea	Phaeophyta
ERR8443003	study_27	United Kingdom	V4	Laminaria hyperborea	Phaeophyta
ERR8443004	study_27	United Kingdom	V4	Laminaria hyperborea	Phaeophyta
ERR8443005	study_27	United Kingdom	V4	Laminaria hyperborea	Phaeophyta
ERR8443006	study_27	United Kingdom	V4	Laminaria hyperborea	Phaeophyta
ERR8443007	study_27	United Kingdom	V4	Laminaria hyperborea	Phaeophyta
ERR8442974	study_27	United Kingdom	V4	Laminaria hyperborea	Phaeophyta
ERR8442903	study_27	United Kingdom	V4	Saccharina latissima	Phaeophyta
ERR8442904	study_27	United Kingdom	V4	Saccharina latissima	Phaeophyta
ERR8442905	study_27	United Kingdom	V4	Saccharina latissima	Phaeophyta
ERR8442906	study_27	United Kingdom	V4	Saccharina latissima	Phaeophyta
ERR8442907	study_27	United Kingdom	V4	Saccharina latissima	Phaeophyta
ERR8442908	study_27	United Kingdom	V4	Saccharina latissima	Phaeophyta
ERR8442909	study_27	United Kingdom	V4	Saccharina latissima	Phaeophyta
ERR8442918	study_27	United Kingdom	V4	Saccharina latissima	Phaeophyta
ERR8442919	study_27	United Kingdom	V4	Saccharina latissima	Phaeophyta
ERR8442920	study_27	United Kingdom	V4	Saccharina latissima	Phaeophyta
ERR8442921	study_27	United Kingdom	V4	Saccharina latissima	Phaeophyta
ERR8442922	study_27	United Kingdom	V4	Saccharina latissima	Phaeophyta
ERR8442923	study_27	United Kingdom	V4	Saccharina latissima	Phaeophyta
ERR8442924	study_27	United Kingdom	V4	Saccharina latissima	Phaeophyta
ERR8442925	study_27	United Kingdom	V4	Saccharina latissima	Phaeophyta
ERR8442933	study_27	United Kingdom	V4	Saccharina latissima	Phaeophyta
ERR8442934	study_27	United Kingdom	V4	Saccharina latissima	Phaeophyta
ERR8442935	study_27	United Kingdom	V4	Saccharina latissima	Phaeophyta
ERR8442937	study_27	United Kingdom	V4	Saccharina latissima	Phaeophyta
ERR8442938	study_27	United Kingdom	V4	Saccharina latissima	Phaeophyta
ERR8442939	study_27	United Kingdom	V4	Saccharina latissima	Phaeophyta
ERR8442940	study_27	United Kingdom	V4	Saccharina latissima	Phaeophyta
ERR8442949	study_27	United Kingdom	V4	Saccharina latissima	Phaeophyta
ERR8442950	study_27	United Kingdom	V4	Saccharina latissima	Phaeophyta
ERR8442951	study_27	United Kingdom	V4	Saccharina latissima	Phaeophyta
ERR8442952	study_27	United Kingdom	V4	Saccharina latissima	Phaeophyta
ERR8442953	study_27	United Kingdom	V4	Saccharina latissima	Phaeophyta
ERR8442954	study_27	United Kingdom	V4	Saccharina latissima	Phaeophyta
ERR8442955	study_27	United Kingdom	V4	Saccharina latissima	Phaeophyta
ERR8442956	study_27	United Kingdom	V4	Saccharina latissima	Phaeophyta
ERR8442965	study_27	United Kingdom	V4	Saccharina latissima	Phaeophyta
ERR8442966	study_27	United Kingdom	V4	Saccharina latissima	Phaeophyta
ERR8442967	study_27	United Kingdom	V4	Saccharina latissima	Phaeophyta
ERR8442968	study_27	United Kingdom	V4	Saccharina latissima	Phaeophyta
ERR8442969	study_27	United Kingdom	V4	Saccharina latissima	Phaeophyta
ERR8442970	study_27	United Kingdom	V4	Saccharina latissima	Phaeophyta
ERR8442971	study_27	United Kingdom	V4	Saccharina latissima	Phaeophyta
ERR8442972	study_27	United Kingdom	V4	Saccharina latissima	Phaeophyta
ERR8442981	study_27	United Kingdom	V4	Saccharina latissima	Phaeophyta
ERR8442982	study_27	United Kingdom	V4	Saccharina latissima	Phaeophyta
ERR8442983	study_27	United Kingdom	V4	Saccharina latissima	Phaeophyta
ERR8442984	study_27	United Kingdom	V4	Saccharina latissima	Phaeophyta
ERR8442985	study_27	United Kingdom	V4	Saccharina latissima	Phaeophyta
ERR8442986	study_27	United Kingdom	V4	Saccharina latissima	Phaeophyta
ERR8442995	study_27	United Kingdom	V4	Saccharina latissima	Phaeophyta
ERR8442996	study_27	United Kingdom	V4	Saccharina latissima	Phaeophyta
ERR8442997	study_27	United Kingdom	V4	Saccharina latissima	Phaeophyta
ERR8442998	study_27	United Kingdom	V4	Saccharina latissima	Phaeophyta
ERR8442999	study_27	United Kingdom	V4	Saccharina latissima	Phaeophyta
ERR8443000	study_27	United Kingdom	V4	Saccharina latissima	Phaeophyta
ERR8443001	study_27	United Kingdom	V4	Saccharina latissima	Phaeophyta
ERR8443008	study_27	United Kingdom	V4	Saccharina latissima	Phaeophyta
ERR8443009	study_27	United Kingdom	V4	Saccharina latissima	Phaeophyta
ERR8443010	study_27	United Kingdom	V4	Saccharina latissima	Phaeophyta
ERR8443011	study_27	United Kingdom	V4	Saccharina latissima	Phaeophyta
ERR8443012	study_27	United Kingdom	V4	Saccharina latissima	Phaeophyta
ERR8443013	study_27	United Kingdom	V4	Saccharina latissima	Phaeophyta
ERR8443014	study_27	United Kingdom	V4	Saccharina latissima	Phaeophyta
ERR8443015	study_27	United Kingdom	V4	Saccharina latissima	Phaeophyta
ERR8442936	study_27	United Kingdom	V4	Saccharina latissima	Phaeophyta
ERR8442962	study_27	United Kingdom	V4	Saccharina latissima	Phaeophyta
ERR8442980	study_27	United Kingdom	V4	Saccharina latissima	Phaeophyta
SRR19168101	study_4	China	V3-V4	Sargassum thunbergii	Phaeophyta
SRR19168102	study_4	China	V3-V4	Sargassum thunbergii	Phaeophyta
SRR19168103	study_4	China	V3-V4	Sargassum thunbergii	Phaeophyta
SRR19168104	study_4	China	V3-V4	Sargassum thunbergii	Phaeophyta
SRR19168105	study_4	China	V3-V4	Sargassum thunbergii	Phaeophyta
SRR19168106	study_4	China	V3-V4	Sargassum thunbergii	Phaeophyta
SRR19168107	study_4	China	V3-V4	Sargassum thunbergii	Phaeophyta
SRR19168108	study_4	China	V3-V4	Sargassum thunbergii	Phaeophyta
SRR19168109	study_4	China	V3-V4	Sargassum thunbergii	Phaeophyta
SRR19168110	study_4	China	V3-V4	Sargassum thunbergii	Phaeophyta
SRR19168111	study_4	China	V3-V4	Sargassum thunbergii	Phaeophyta
SRR19168112	study_4	China	V3-V4	Sargassum thunbergii	Phaeophyta
SRR19168113	study_4	China	V3-V4	Sargassum thunbergii	Phaeophyta
SRR19168114	study_4	China	V3-V4	Sargassum thunbergii	Phaeophyta
SRR19168115	study_4	China	V3-V4	Sargassum thunbergii	Phaeophyta
SRR19168116	study_4	China	V3-V4	Sargassum thunbergii	Phaeophyta
SRR19168117	study_4	China	V3-V4	Sargassum thunbergii	Phaeophyta
SRR19168118	study_4	China	V3-V4	Sargassum thunbergii	Phaeophyta
SRR19168119	study_4	China	V3-V4	Sargassum thunbergii	Phaeophyta
SRR19168120	study_4	China	V3-V4	Sargassum thunbergii	Phaeophyta
SRR19168121	study_4	China	V3-V4	Sargassum thunbergii	Phaeophyta
SRR19168122	study_4	China	V3-V4	Sargassum thunbergii	Phaeophyta
SRR19168123	study_4	China	V3-V4	Sargassum thunbergii	Phaeophyta
SRR19168124	study_4	China	V3-V4	Sargassum thunbergii	Phaeophyta
SRR6668200	study_6	China	V3-V4	Saccharina japonica	Phaeophyta
SRR6668201	study_6	China	V3-V4	Saccharina japonica	Phaeophyta
SRR6668204	study_6	China	V3-V4	Saccharina japonica	Phaeophyta
SRR6668205	study_6	China	V3-V4	Saccharina japonica	Phaeophyta
SRR6668206	study_6	China	V3-V4	Saccharina japonica	Phaeophyta
SRR6668207	study_6	China	V3-V4	Saccharina japonica	Phaeophyta
SRR6668212	study_6	China	V3-V4	Saccharina japonica	Phaeophyta
SRR6668213	study_6	China	V3-V4	Saccharina japonica	Phaeophyta
SRR6668214	study_6	China	V3-V4	Saccharina japonica	Phaeophyta
SRR6668198	study_6	China	V3-V4	Saccharina japonica	Phaeophyta
SRR6668199	study_6	China	V3-V4	Saccharina japonica	Phaeophyta
SRR6668202	study_6	China	V3-V4	Saccharina japonica	Phaeophyta
SRR6668203	study_6	China	V3-V4	Saccharina japonica	Phaeophyta
SRR6668208	study_6	China	V3-V4	Saccharina japonica	Phaeophyta
SRR6668209	study_6	China	V3-V4	Saccharina japonica	Phaeophyta
SRR6668210	study_6	China	V3-V4	Saccharina japonica	Phaeophyta
SRR6668211	study_6	China	V3-V4	Saccharina japonica	Phaeophyta
SRR6780845	study_6	China	V3-V4	Saccharina japonica	Phaeophyta
SRR6780846	study_6	China	V3-V4	Saccharina japonica	Phaeophyta
SRR6780847	study_6	China	V3-V4	Saccharina japonica	Phaeophyta
SRR6780848	study_6	China	V3-V4	Saccharina japonica	Phaeophyta
SRR6780849	study_6	China	V3-V4	Saccharina japonica	Phaeophyta
SRR6780850	study_6	China	V3-V4	Saccharina japonica	Phaeophyta
SRR6780851	study_6	China	V3-V4	Saccharina japonica	Phaeophyta
SRR6780852	study_6	China	V3-V4	Saccharina japonica	Phaeophyta
SRR6780853	study_6	China	V3-V4	Saccharina japonica	Phaeophyta
SRR6780854	study_6	China	V3-V4	Saccharina japonica	Phaeophyta
SRR6780855	study_6	China	V3-V4	Saccharina japonica	Phaeophyta
SRR6780856	study_6	China	V3-V4	Saccharina japonica	Phaeophyta
SRR6780857	study_6	China	V3-V4	Saccharina japonica	Phaeophyta
SRR6780858	study_6	China	V3-V4	Saccharina japonica	Phaeophyta
SRR6780859	study_6	China	V3-V4	Saccharina japonica	Phaeophyta
SRR6780860	study_6	China	V3-V4	Saccharina japonica	Phaeophyta
SRR6780861	study_6	China	V3-V4	Saccharina japonica	Phaeophyta
SRR6780862	study_6	China	V3-V4	Saccharina japonica	Phaeophyta
SRR9067517	study_7	China	V3-V4	Gracilaria lemaneiformis	Rhodophyta
SRR9067518	study_7	China	V3-V4	Gracilaria lemaneiformis	Rhodophyta
SRR9067519	study_7	China	V3-V4	Gracilaria lemaneiformis	Rhodophyta
SRR9067520	study_7	China	V3-V4	Gracilaria lemaneiformis	Rhodophyta
SRR9067521	study_7	China	V3-V4	Gracilaria lemaneiformis	Rhodophyta
SRR9067522	study_7	China	V3-V4	Gracilaria lemaneiformis	Rhodophyta
SRR9067523	study_7	China	V3-V4	Gracilaria lemaneiformis	Rhodophyta
SRR9067524	study_7	China	V3-V4	Gracilaria lemaneiformis	Rhodophyta
SRR9067525	study_7	China	V3-V4	Gracilaria lemaneiformis	Rhodophyta
SRR9067526	study_7	China	V3-V4	Gracilaria lemaneiformis	Rhodophyta
SRR9067527	study_7	China	V3-V4	Gracilaria lemaneiformis	Rhodophyta
SRR9067528	study_7	China	V3-V4	Gracilaria lemaneiformis	Rhodophyta
SRR9067529	study_7	China	V3-V4	Gracilaria lemaneiformis	Rhodophyta
SRR9067530	study_7	China	V3-V4	Gracilaria lemaneiformis	Rhodophyta
SRR9067531	study_7	China	V3-V4	Gracilaria lemaneiformis	Rhodophyta
SRR9067532	study_7	China	V3-V4	Gracilaria lemaneiformis	Rhodophyta
SRR9067533	study_7	China	V3-V4	Gracilaria lemaneiformis	Rhodophyta
SRR9067534	study_7	China	V3-V4	Gracilaria lemaneiformis	Rhodophyta
SRR9067535	study_7	China	V3-V4	Gracilaria lemaneiformis	Rhodophyta
SRR9067536	study_7	China	V3-V4	Gracilaria lemaneiformis	Rhodophyta
SRR9067537	study_7	China	V3-V4	Gracilaria lemaneiformis	Rhodophyta
SRR9067538	study_7	China	V3-V4	Gracilaria lemaneiformis	Rhodophyta
SRR9067539	study_7	China	V3-V4	Gracilaria lemaneiformis	Rhodophyta
SRR9067540	study_7	China	V3-V4	Gracilaria lemaneiformis	Rhodophyta
SRR9067541	study_7	China	V3-V4	Gracilaria lemaneiformis	Rhodophyta
SRR9067542	study_7	China	V3-V4	Gracilaria lemaneiformis	Rhodophyta
SRR9067543	study_7	China	V3-V4	Gracilaria lemaneiformis	Rhodophyta
SRR8284880	study_8	China	V4-V5	Neopyropia yezoensis	Rhodophyta
SRR8284881	study_8	China	V4-V5	Neopyropia yezoensis	Rhodophyta
SRR8284882	study_8	China	V4-V5	Neopyropia yezoensis	Rhodophyta
SRR8284883	study_8	China	V4-V5	Neopyropia yezoensis	Rhodophyta
SRR8284884	study_8	China	V4-V5	Neopyropia yezoensis	Rhodophyta
SRR8284885	study_8	China	V4-V5	Neopyropia yezoensis	Rhodophyta
SRR8284886	study_8	China	V4-V5	Neopyropia yezoensis	Rhodophyta
SRR8284888	study_8	China	V4-V5	Neopyropia yezoensis	Rhodophyta
SRR8284891	study_8	China	V4-V5	Neopyropia yezoensis	Rhodophyta
SRR8179507	study_9	China	V5-V7	Sargassum horneri	Phaeophyta
SRR8179508	study_9	China	V5-V7	Sargassum horneri	Phaeophyta
SRR8179510	study_9	China	V5-V7	Sargassum horneri	Phaeophyta
SRR8179511	study_9	China	V5-V7	Sargassum horneri	Phaeophyta
SRR8179513	study_9	China	V5-V7	Sargassum horneri	Phaeophyta
SRR8179514	study_9	China	V5-V7	Sargassum horneri	Phaeophyta
SRR8179515	study_9	China	V5-V7	Sargassum horneri	Phaeophyta
SRR8179516	study_9	China	V5-V7	Sargassum horneri	Phaeophyta
SRR8179517	study_9	China	V5-V7	Sargassum horneri	Phaeophyta
SRR8179518	study_9	China	V5-V7	Sargassum horneri	Phaeophyta
SRR8179519	study_9	China	V5-V7	Sargassum horneri	Phaeophyta
SRR8179520	study_9	China	V5-V7	Sargassum horneri	Phaeophyta
SRR16090730	study_12	China	V3-V4	Seawater	Seawater
SRR16090741	study_12	China	V3-V4	Seawater	Seawater
SRR16090745	study_12	China	V3-V4	Seawater	Seawater
SRR16090746	study_12	China	V3-V4	Seawater	Seawater
SRR16090747	study_12	China	V3-V4	Seawater	Seawater
SRR16090748	study_12	China	V3-V4	Seawater	Seawater
SRR16090749	study_12	China	V3-V4	Seawater	Seawater
SRR16090750	study_12	China	V3-V4	Seawater	Seawater
SRR16090751	study_12	China	V3-V4	Seawater	Seawater
SRR16090752	study_12	China	V3-V4	Seawater	Seawater
SRR16090753	study_12	China	V3-V4	Seawater	Seawater
SRR16090754	study_12	China	V3-V4	Seawater	Seawater
SRR16090755	study_12	China	V3-V4	Seawater	Seawater
SRR16090756	study_12	China	V3-V4	Seawater	Seawater
SRR16090757	study_12	China	V3-V4	Seawater	Seawater
SRR16090758	study_12	China	V3-V4	Seawater	Seawater
SRR16090759	study_12	China	V3-V4	Seawater	Seawater
SRR16090760	study_12	China	V3-V4	Seawater	Seawater
SRR16090761	study_12	China	V3-V4	Seawater	Seawater
SRR16090762	study_12	China	V3-V4	Seawater	Seawater
SRR16090763	study_12	China	V3-V4	Seawater	Seawater
SRR16090764	study_12	China	V3-V4	Seawater	Seawater
SRR16090769	study_12	China	V3-V4	Seawater	Seawater
SRR16090775	study_12	China	V3-V4	Seawater	Seawater
SRR16090776	study_12	China	V3-V4	Seawater	Seawater
SRR16090777	study_12	China	V3-V4	Seawater	Seawater
SRR16090778	study_12	China	V3-V4	Seawater	Seawater
SRR11306110	study_15	USA	V4	Seawater	Seawater
SRR11306121	study_15	USA	V4	Seawater	Seawater
SRR11306132	study_15	USA	V4	Seawater	Seawater
SRR11306142	study_15	USA	V4	Seawater	Seawater
SRR11306143	study_15	USA	V4	Seawater	Seawater
SRR11306144	study_15	USA	V4	Seawater	Seawater
SRR11306145	study_15	USA	V4	Seawater	Seawater
SRR11306146	study_15	USA	V4	Seawater	Seawater
SRR11306147	study_15	USA	V4	Seawater	Seawater
SRR11306148	study_15	USA	V4	Seawater	Seawater
SRR11306149	study_15	USA	V4	Seawater	Seawater
SRR11306156	study_15	USA	V4	Seawater	Seawater
SRR11306164	study_15	USA	V4	Seawater	Seawater
SRR11306165	study_15	USA	V4	Seawater	Seawater
SRR11306166	study_15	USA	V4	Seawater	Seawater
SRR11306167	study_15	USA	V4	Seawater	Seawater
SRR11306171	study_15	USA	V4	Seawater	Seawater
SRR11306182	study_15	USA	V4	Seawater	Seawater
SRR11306188	study_15	USA	V4	Seawater	Seawater
SRR11306189	study_15	USA	V4	Seawater	Seawater
SRR11306190	study_15	USA	V4	Seawater	Seawater
SRR11306191	study_15	USA	V4	Seawater	Seawater
SRR11306192	study_15	USA	V4	Seawater	Seawater
SRR11306193	study_15	USA	V4	Seawater	Seawater
SRR11306194	study_15	USA	V4	Seawater	Seawater
SRR11306195	study_15	USA	V4	Seawater	Seawater
SRR11306196	study_15	USA	V4	Seawater	Seawater
SRR11306197	study_15	USA	V4	Seawater	Seawater
SRR11306198	study_15	USA	V4	Seawater	Seawater
SRR11306199	study_15	USA	V4	Seawater	Seawater
SRR11306200	study_15	USA	V4	Seawater	Seawater
SRR11306203	study_15	USA	V4	Seawater	Seawater
SRR11306204	study_15	USA	V4	Seawater	Seawater
SRR11306205	study_15	USA	V4	Seawater	Seawater
ERR2811145	study_16	Chile	V1-V3	Seawater	Seawater
ERR2811146	study_16	Chile	V1-V3	Seawater	Seawater
ERR2811148	study_16	Chile	V1-V3	Seawater	Seawater
ERR2811141	study_16	Chile	V1-V3	Seawater	Seawater
ERR2811142	study_16	Chile	V1-V3	Seawater	Seawater
ERR2811143	study_16	Chile	V1-V3	Seawater	Seawater
ERR2811144	study_16	Chile	V1-V3	Seawater	Seawater
ERR2811147	study_16	Chile	V1-V3	Seawater	Seawater
ERR2854886	study_18	USA	V4	Seawater	Seawater
ERR2854887	study_18	USA	V4	Seawater	Seawater
ERR2854888	study_18	USA	V4	Seawater	Seawater
ERR2854889	study_18	USA	V4	Seawater	Seawater
ERR2854890	study_18	USA	V4	Seawater	Seawater
ERR2854891	study_18	USA	V4	Seawater	Seawater
ERR2854892	study_18	USA	V4	Seawater	Seawater
ERR2854893	study_18	USA	V4	Seawater	Seawater
ERR2854894	study_18	USA	V4	Seawater	Seawater
ERR2854895	study_18	USA	V4	Seawater	Seawater
ERR2854896	study_18	USA	V4	Seawater	Seawater
ERR2854897	study_18	USA	V4	Seawater	Seawater
ERR2854898	study_18	USA	V4	Seawater	Seawater
ERR2854899	study_18	USA	V4	Seawater	Seawater
ERR2854900	study_18	USA	V4	Seawater	Seawater
ERR2854901	study_18	USA	V4	Seawater	Seawater
ERR2854902	study_18	USA	V4	Seawater	Seawater
ERR2854903	study_18	USA	V4	Seawater	Seawater
ERR2854904	study_18	USA	V4	Seawater	Seawater
ERR2854905	study_18	USA	V4	Seawater	Seawater
ERR2854906	study_18	USA	V4	Seawater	Seawater
ERR2854907	study_18	USA	V4	Seawater	Seawater
ERR2854908	study_18	USA	V4	Seawater	Seawater
ERR2854909	study_18	USA	V4	Seawater	Seawater
ERR2854910	study_18	USA	V4	Seawater	Seawater
ERR2854911	study_18	USA	V4	Seawater	Seawater
ERR2854912	study_18	USA	V4	Seawater	Seawater
ERR2854913	study_18	USA	V4	Seawater	Seawater
ERR2854914	study_18	USA	V4	Seawater	Seawater
ERR2854915	study_18	USA	V4	Seawater	Seawater
ERR2854916	study_18	USA	V4	Seawater	Seawater
ERR2854917	study_18	USA	V4	Seawater	Seawater
ERR2854918	study_18	USA	V4	Seawater	Seawater
ERR2854919	study_18	USA	V4	Seawater	Seawater
ERR2854920	study_18	USA	V4	Seawater	Seawater
ERR2854921	study_18	USA	V4	Seawater	Seawater
ERR2854922	study_18	USA	V4	Seawater	Seawater
ERR2854923	study_18	USA	V4	Seawater	Seawater
ERR2854924	study_18	USA	V4	Seawater	Seawater
ERR2854925	study_18	USA	V4	Seawater	Seawater
ERR2854926	study_18	USA	V4	Seawater	Seawater
ERR2854927	study_18	USA	V4	Seawater	Seawater
ERR2854928	study_18	USA	V4	Seawater	Seawater
ERR2854929	study_18	USA	V4	Seawater	Seawater
ERR2854930	study_18	USA	V4	Seawater	Seawater
ERR2854931	study_18	USA	V4	Seawater	Seawater
ERR2854932	study_18	USA	V4	Seawater	Seawater
ERR2854933	study_18	USA	V4	Seawater	Seawater
ERR2854934	study_18	USA	V4	Seawater	Seawater
ERR2854935	study_18	USA	V4	Seawater	Seawater
ERR2854936	study_18	USA	V4	Seawater	Seawater
ERR2854937	study_18	USA	V4	Seawater	Seawater
ERR2854938	study_18	USA	V4	Seawater	Seawater
ERR2854939	study_18	USA	V4	Seawater	Seawater
ERR2854940	study_18	USA	V4	Seawater	Seawater
ERR2854941	study_18	USA	V4	Seawater	Seawater
ERR2854942	study_18	USA	V4	Seawater	Seawater
ERR2854943	study_18	USA	V4	Seawater	Seawater
ERR2854944	study_18	USA	V4	Seawater	Seawater
ERR2854945	study_18	USA	V4	Seawater	Seawater
ERR2854946	study_18	USA	V4	Seawater	Seawater
ERR2854947	study_18	USA	V4	Seawater	Seawater
ERR2854948	study_18	USA	V4	Seawater	Seawater
ERR2854949	study_18	USA	V4	Seawater	Seawater
ERR2854950	study_18	USA	V4	Seawater	Seawater
ERR2854951	study_18	USA	V4	Seawater	Seawater
ERR2854952	study_18	USA	V4	Seawater	Seawater
ERR2854953	study_18	USA	V4	Seawater	Seawater
ERR2854954	study_18	USA	V4	Seawater	Seawater
ERR2854955	study_18	USA	V4	Seawater	Seawater
ERR2854956	study_18	USA	V4	Seawater	Seawater
ERR2854957	study_18	USA	V4	Seawater	Seawater
ERR2854958	study_18	USA	V4	Seawater	Seawater
ERR2854959	study_18	USA	V4	Seawater	Seawater
ERR2854960	study_18	USA	V4	Seawater	Seawater
ERR2854961	study_18	USA	V4	Seawater	Seawater
ERR2854962	study_18	USA	V4	Seawater	Seawater
ERR2854963	study_18	USA	V4	Seawater	Seawater
ERR2854964	study_18	USA	V4	Seawater	Seawater
ERR2854965	study_18	USA	V4	Seawater	Seawater
ERR2854966	study_18	USA	V4	Seawater	Seawater
ERR2198722	study_19	Canada	V4	Seawater	Seawater
ERR2198724	study_19	Canada	V4	Seawater	Seawater
ERR2198725	study_19	Canada	V4	Seawater	Seawater
ERR2198733	study_19	Canada	V4	Seawater	Seawater
ERR2198734	study_19	Canada	V4	Seawater	Seawater
ERR2198735	study_19	Canada	V4	Seawater	Seawater
ERR2198736	study_19	Canada	V4	Seawater	Seawater
ERR2198737	study_19	Canada	V4	Seawater	Seawater
ERR2198738	study_19	Canada	V4	Seawater	Seawater
ERR2198745	study_19	Canada	V4	Seawater	Seawater
ERR2198749	study_19	Canada	V4	Seawater	Seawater
ERR2198750	study_19	Canada	V4	Seawater	Seawater
ERR2198756	study_19	Canada	V4	Seawater	Seawater
ERR2198789	study_19	Canada	V4	Seawater	Seawater
ERR2198790	study_19	Canada	V4	Seawater	Seawater
ERR2198791	study_19	Canada	V4	Seawater	Seawater
ERR2198792	study_19	Canada	V4	Seawater	Seawater
ERR2198793	study_19	Canada	V4	Seawater	Seawater
ERR2198721	study_19	Canada	V4	Seawater	Seawater
ERR2198723	study_19	Canada	V4	Seawater	Seawater
ERR2198730	study_19	Canada	V4	Seawater	Seawater
ERR2198731	study_19	Canada	V4	Seawater	Seawater
ERR2198732	study_19	Canada	V4	Seawater	Seawater
ERR2198744	study_19	Canada	V4	Seawater	Seawater
ERR2198746	study_19	Canada	V4	Seawater	Seawater
ERR2198747	study_19	Canada	V4	Seawater	Seawater
ERR2198748	study_19	Canada	V4	Seawater	Seawater
ERR2198751	study_19	Canada	V4	Seawater	Seawater
ERR2198752	study_19	Canada	V4	Seawater	Seawater
ERR2198753	study_19	Canada	V4	Seawater	Seawater
ERR2198754	study_19	Canada	V4	Seawater	Seawater
ERR2198755	study_19	Canada	V4	Seawater	Seawater
ERR2198788	study_19	Canada	V4	Seawater	Seawater
ERR2198803	study_19	Canada	V4	Seawater	Seawater
ERR2198804	study_19	Canada	V4	Seawater	Seawater
ERR2198806	study_19	Canada	V4	Seawater	Seawater
ERR2198807	study_19	Canada	V4	Seawater	Seawater
ERR1594490	study_21	Canada	V4	Seawater	Seawater
ERR1594491	study_21	Canada	V4	Seawater	Seawater
ERR1594492	study_21	Canada	V4	Seawater	Seawater
ERR1594493	study_21	Canada	V4	Seawater	Seawater
ERR1594494	study_21	Canada	V4	Seawater	Seawater
ERR1594495	study_21	Canada	V4	Seawater	Seawater
ERR1594496	study_21	Canada	V4	Seawater	Seawater
ERR1594497	study_21	Canada	V4	Seawater	Seawater
ERR1594498	study_21	Canada	V4	Seawater	Seawater
ERR1594499	study_21	Canada	V4	Seawater	Seawater
ERR1594500	study_21	Canada	V4	Seawater	Seawater
ERR1594501	study_21	Canada	V4	Seawater	Seawater
ERR1594502	study_21	Canada	V4	Seawater	Seawater
ERR1594503	study_21	Canada	V4	Seawater	Seawater
SRR8284879	study_8	China	V4-V5	Seawater	Seawater
SRR8284887	study_8	China	V4-V5	Seawater	Seawater
SRR8284889	study_8	China	V4-V5	Seawater	Seawater
SRR8284890	study_8	China	V4-V5	Seawater	Seawater
SRR8284892	study_8	China	V4-V5	Seawater	Seawater
SRR8284893	study_8	China	V4-V5	Seawater	Seawater
SRR8284894	study_8	China	V4-V5	Seawater	Seawater
SRR8284895	study_8	China	V4-V5	Seawater	Seawater
SRR8284896	study_8	China	V4-V5	Seawater	Seawater
SRR8179509	study_9	China	V5-V7	Seawater	Seawater
SRR8179512	study_9	China	V5-V7	Seawater	Seawater
